n,date,time_utc,prompt_text
1,2026-09-28,06:35:30,"Investigate how to write an EEGLAB plugin that can ingest native Cadwell files into EEGLAB. I wrote code that reads old ""Nervus"" files for EEGLAB via fieldtrip. This can serve as an example. Fieldtrip is here: https://github.com/fieldtrip/fieldtrip/pulls?q=is%3Apr+author%3Ajanbrogger

With my pull requests listed here.

* [Fixes read of Nervus data with mixed sampling rates, and some unreadable EEGs](https://github.com/fieldtrip/fieldtrip/pull/1358)
#1358·[janbrogger](https://github.com/fieldtrip/fieldtrip/pulls?q=is%3Apr+author%3Ajanbrogger) opened on Mar 23, 2020 · Closed on Mar 24, 2020Contributor·Approved
19
* [Fixes read of Nervus data with mixed sampling rates](https://github.com/fieldtrip/fieldtrip/pull/302)
work in progress
#302·[janbrogger](https://github.com/fieldtrip/fieldtrip/pulls?q=is%3Apr+author%3Ajanbrogger) opened on Jan 19, 2017 · Closed on Jul 3, 2019Contributor
11
* [Improvements for Nicolet](https://github.com/fieldtrip/fieldtrip/pull/266)
#266·[janbrogger](https://github.com/fieldtrip/fieldtrip/pulls?q=is%3Apr+author%3Ajanbrogger) opened on Nov 22, 2016 · Closed on Nov 23, 2016Contributor
1
* [Reads Nervus/Nicolet files](https://github.com/fieldtrip/fieldtrip/pull/186)
#186·[janbrogger](https://github.com/fieldtrip/fieldtrip/pulls?q=is%3Apr+author%3Ajanbrogger) opened on Jul 2, 2016 · Closed on Jul 6, 2016Contributor

Your task is to write a report that scopes an implementation of Cadwell reading for EEGLAB, or EEGLAB via fieldtrip. Dispatch agents if necessary."
2,2026-09-28,07:05:28,Dispatch an agent to look for SQLITE reading in canonical matlab or eeglab
